{
  "contacts": [
    {
      "id": "896d1291-5875-44ff-873f-33b8ac9f813e",
      "name": "Aayla Secura"
    },
    {
      "id": "2c38f97b-cbae-4886-8e3d-a2dfeed098ed",
      "name": "Adi Gallia"
    },
    {
      "id": "252a6418-aad9-45f3-8059-ff287beeeaa6",
      "name": "Admiral Dodd Rancit"
    },
    {
      "id": "aa3e5f33-3341-486b-844a-67a9c7900582",
      "name": "Admiral Gial Ackbar"
    },
    {
      "id": "f7c33d2e-8573-4a3e-80a2-2f69609baea1",
      "name": "Admiral Ozzel"
    },
    {
      "id": "2c197ea8-e250-4d7e-83a5-2dd36d487b81",
      "name": "Admiral Raddus"
    },
    {
      "id": "ef2aad28-12c1-4a47-a67f-c189c9484936",
      "name": "Admiral Terrinald Screed"
    },
    {
      "id": "aaac9cf1-1224-4174-bd08-47f432af66d4",
      "name": "Admiral Trench"
    },
    {
      "id": "d1b6f76d-1a6f-4fc4-8a8e-8022861c0f03",
      "name": "Bargwill Tomder"
    },
    {
      "id": "591ab8c6-63ad-4276-ac4f-813d6571828f",
      "name": "Baron Papanoida"
    },
    {
      "id": "eb6ec729-e2ba-438a-8e87-143133b5ef7f",
      "name": "Barriss Offee"
    },
    {
      "id": "83b57e96-d8c4-4247-8bde-4be37961290a",
      "name": "Boba Fett"
    },
    {
      "id": "80cf02b7-3719-4e0c-af94-c8227238dd64",
      "name": "Caluan Ematt"
    },
    {
      "id": "cd34a02b-29e1-4a33-a26d-71f97ffa6713",
      "name": "Carlist Rieekan"
    },
    {
      "id": "a43a2312-704d-4f1c-ae99-7ec6d22ede0b",
      "name": "Colonel Kaplan"
    },
    {
      "id": "51982368-d970-4d26-86b7-632a045bcc86",
      "name": "Del Meeko"
    },
    {
      "id": "b420bf37-9e08-4abd-8663-9d16b5520a29",
      "name": "Dengar"
    },
    {
      "id": "dbc696ff-93e7-445c-a182-34299a980ed9",
      "name": "Endocott"
    },
    {
      "id": "0389ddef-c299-4336-a291-ab676aa28c75",
      "name": "Admiral Firmus Piett"
    },
    {
      "id": "de6141d9-41b2-4158-b749-71fb79f294bd",
      "name": "Zeb"
    }
  ]
}